"trt","mean","l95","u95","trt_name"
1,0.781329892189829,0.154954119936397,1.56534027195006,"Non-APR"
2,1.30419458022304,0.375121007428841,2.45580724582895,"APR"
