"trt","mean","l95","u95","trt_name"
1,0.435529395197492,-0.169517103625901,1.07301455560114,"Non-APR"
2,0.188110873014774,-0.425611761645112,0.799909443876768,"APR"
