"trt","mean","l95","u95","trt_name"
1,0.40289944139656,-0.193275369485517,1.04353754128459,"Non-APR"
2,0.443661011071171,-0.194624313433009,1.09655778417782,"APR"
