"trt","mean","l95","u95","trt_name"
1,0.890943554495508,0.333703638448212,1.53256063533759,"Non-APR"
2,0.620500346220426,0.00718009005260956,1.28733248312505,"APR"
